{
  "CandyCaneCollected": {
    "11": ["That's the first candy cane down.", "I should collect atleast 11 more to make sure the scents really strong."],
    "10": ["10 more to go.", "What a pain."],
    "9": ["I was really looking forward to eating these.", "Hopefully some will be left after this."],
    "8": ["I wonder what that creature in my kitchen is.", "It seems to have the body of a huge worm-thing but the wings of a butterfly."],
    "7": ["I have a theory that the weird antennas on it's back allow it to somehow communicate with electric devices.", "...", "I'm probably overthinking it."],
    "6": ["..."],
    "5": ["Honestly when I setup these spy bugs I was hoping to catch a homeless man stealing my food.", "Not that......"],
    "4": ["How is it that I can only hear it through the spy bugs ?", "If it has mass then it should make noise right ?"],
    "3": ["Only a few more to go.", "I really hope this plan works.", "It is a insect of sorts afterall."],
    "2": ["There's 2 left...", "Not sure whether I should be excited or nervous right now."],
    "1": ["........", "*Inhale*"  , "I'm ready", "Let's get this over with"],
  },
  "GameOverText": [
    "You died. Though you don't me to tell you that.",
    "Did you rush ?",
    "Estas muerto.",
    "I don't even know what to say about what just happened.",
    "Better luck next time. If there is one...",
    "Try a little harder won't you ?",
    "Any last words ? Oh wait you need to be alive for that.",],
  "MonsterActions":{
    "peak": {
      "Begin": ["I don't like that sound.", "That weird bug monster thing might be coming back.", "I should hide for now."],
      "End": ["I think it's gone.", "I better hurry up and finish collecting these candy canes."],
    },
    "flyAround": {
      "Begin": ["That thing's headed this way.", "It would be best if I stay out of it's sight when it arrives."],
      "End": ["It should be gone now.", "I just hope it doesn't come back any time soon."]
    },
    "disconnectApp": {
      "Begin": [".................?", "Either somethings up with my phone or this company's products sucks.", "That aside I have no way of hearing that monster right now as it only emits sound through radiowaves.", "I should probably be careful."],
      "End": ["The app seems to be working again now."]
    },
    "questionMarkScreen": {
      "Begin": ["What on earth's happening !?", "Could that thing be tampering with my phone ?", "How does something like that even exist ???"],
      "End": ["My phone's back to normal.", "How weird."]
    },
  },
  "Life": [
    "You finish gathering a total of 12 candy canes and head over to your room.",
    "You dip each candy cane in a perfume bottle to increase its flammability.",
    "After covering each individual cane in perfume you pull out a lighter from your right pocket.",
    "*Chk Chk*",
    "The canes become lit one by one.",
    "It's time to put your plan in to action.",
    "You head back to the living room and start scattering candy canes as fast as you can.",
    "You throw the last 3 inside the kitchen where the monster is.",
    "It growls and starts headed towards you.",
    "...",
    "It notices the scent of peppermint and immediately backs away.",
    "The creature begins hissing and screeching as it's surrounded by the aroma.",
    "After a few minutes pass the creature let's out a scream as it rams a hole through your kitchen wall in order to escape.",
    "You hear it continue to scream as it flies away from your house.",
    "5 minutes pass.",
    "The creature, bug, monster, whatever it is.",
    "It's gone now.",
    "You're finally safe in your own home, as you should be.",
    "After putting out the flames from the candy canes you notice one of them wasn't fully lit.",
    "You head over to grab it with a smile on your face and place it in your mouth.",
    "It taste's better than any candy you've ever had.",
    "You take comfort in knowing.",
    "Knowing that it was your sweet tooth that saved you.",
    "(Good Ending)"
  ],
  "Death": [
    "All the food in your kitchen has been eaten.",
    "The monster flies over to the living room in search for food.",
    "You rush over to your room and hide under the bed this time.",
    "A few minutes pass you realize something's not right.",
    "Usually the monster would head back to the kitchen after a couple of seconds...",
    "but this time it was quietly lingering in the living room.",
    "5 hours pass and nothing changes.",
    "You come to the conclusion that the monster is most likely sleeping.",
    "This is may be your only chance to escape.",
    "You carefully crawl out from underneath the bed and lean over take a peak outside the room.",
    "...",
    "The monster, only a meter away glares at you with it's mouth open.",
    "Your heart races faster than ever but your body refuses to move.",
    "Instead your eyes twitch as you begin to regret every decision you've just made...",
    "(Bad Ending)"
  ],
}
